{"0":{"x":0.2564102564102564,"y":0.3},"1":{"x":0.3076923076923077,"y":0.3},"2":{"x":0.358974358974359,"y":0.3},"3":{"x":0.4358974358974359,"y":0.3},"4":{"x":0.5384615384615384,"y":0.3},"5":{"x":0.6153846153846154,"y":0.3},"6":{"x":0.6666666666666666,"y":0.3},"7":{"x":0.717948717948718,"y":0.3},"8":{"x":0.2564102564102564,"y":0.4},"9":{"x":0.358974358974359,"y":0.4},"10":{"x":0.4358974358974359,"y":0.4},"11":{"x":0.5384615384615384,"y":0.4},"12":{"x":0.6153846153846154,"y":0.4},"13":{"x":0.717948717948718,"y":0.4},"14":{"x":0.2564102564102564,"y":0.5},"15":{"x":0.3076923076923077,"y":0.5},"16":{"x":0.358974358974359,"y":0.5},"17":{"x":0.4358974358974359,"y":0.5},"18":{"x":0.48717948717948717,"y":0.5},"19":{"x":0.5384615384615384,"y":0.5},"20":{"x":0.6153846153846154,"y":0.5},"21":{"x":0.6666666666666666,"y":0.5},"22":{"x":0.717948717948718,"y":0.5},"23":{"x":0.2564102564102564,"y":0.6},"24":{"x":0.4358974358974359,"y":0.6},"25":{"x":0.5384615384615384,"y":0.6},"26":{"x":0.6153846153846154,"y":0.6},"27":{"x":0.2564102564102564,"y":0.7},"28":{"x":0.4358974358974359,"y":0.7},"29":{"x":0.5384615384615384,"y":0.7},"30":{"x":0.6153846153846154,"y":0.7}}