{
  "0": { "x": 0.02564102564102564, "y": 0.05 },
  "1": { "x": 0.07692307692307693, "y": 0.05 },
  "2": { "x": 0.1282051282051282, "y": 0.05 },
  "3": { "x": 0.1794871794871795, "y": 0.05 },
  "4": { "x": 0.23076923076923078, "y": 0.05 },
  "5": { "x": 0.28205128205128205, "y": 0.05 },
  "6": { "x": 0.3333333333333333, "y": 0.05 },
  "7": { "x": 0.5897435897435898, "y": 0.05 },
  "8": { "x": 0.6410256410256411, "y": 0.05 },
  "9": { "x": 0.6923076923076923, "y": 0.05 },
  "10": { "x": 0.7435897435897436, "y": 0.05 },
  "11": { "x": 0.7948717948717948, "y": 0.05 },
  "12": { "x": 0.8461538461538461, "y": 0.05 },
  "13": { "x": 0.8974358974358975, "y": 0.05 },
  "14": { "x": 0.9487179487179487, "y": 0.05 },
  "15": { "x": 0.3333333333333333, "y": 0.15 },
  "16": { "x": 0.9487179487179487, "y": 0.15 },
  "17": { "x": 0.3333333333333333, "y": 0.25 },
  "18": { "x": 0.9487179487179487, "y": 0.25 },
  "19": { "x": 0.02564102564102564, "y": 0.35 },
  "20": { "x": 0.1794871794871795, "y": 0.35 },
  "21": { "x": 0.3333333333333333, "y": 0.35 },
  "22": { "x": 0.38461538461538464, "y": 0.35 },
  "23": { "x": 0.4358974358974359, "y": 0.35 },
  "24": { "x": 0.5897435897435898, "y": 0.35 },
  "25": { "x": 0.6410256410256411, "y": 0.35 },
  "26": { "x": 0.6923076923076923, "y": 0.35 },
  "27": { "x": 0.7435897435897436, "y": 0.35 },
  "28": { "x": 0.7948717948717948, "y": 0.35 },
  "29": { "x": 0.9487179487179487, "y": 0.35 },
  "30": { "x": 0.02564102564102564, "y": 0.45 },
  "31": { "x": 0.1794871794871795, "y": 0.45 },
  "32": { "x": 0.7948717948717948, "y": 0.45 },
  "33": { "x": 0.9487179487179487, "y": 0.45 },
  "34": { "x": 0.02564102564102564, "y": 0.55 },
  "35": { "x": 0.1794871794871795, "y": 0.55 },
  "36": { "x": 0.7948717948717948, "y": 0.55 },
  "37": { "x": 0.9487179487179487, "y": 0.55 },
  "38": { "x": 0.02564102564102564, "y": 0.65 },
  "39": { "x": 0.1794871794871795, "y": 0.65 },
  "40": { "x": 0.23076923076923078, "y": 0.65 },
  "41": { "x": 0.28205128205128205, "y": 0.65 },
  "42": { "x": 0.3333333333333333, "y": 0.65 },
  "43": { "x": 0.38461538461538464, "y": 0.65 },
  "44": { "x": 0.4358974358974359, "y": 0.65 },
  "45": { "x": 0.5897435897435898, "y": 0.65 },
  "46": { "x": 0.6410256410256411, "y": 0.65 },
  "47": { "x": 0.6923076923076923, "y": 0.65 },
  "48": { "x": 0.7435897435897436, "y": 0.65 },
  "49": { "x": 0.7948717948717948, "y": 0.65 },
  "50": { "x": 0.9487179487179487, "y": 0.65 },
  "51": { "x": 0.02564102564102564, "y": 0.75 },
  "52": { "x": 0.4358974358974359, "y": 0.75 },
  "53": { "x": 0.9487179487179487, "y": 0.75 },
  "54": { "x": 0.02564102564102564, "y": 0.85 },
  "55": { "x": 0.4358974358974359, "y": 0.85 },
  "56": { "x": 0.9487179487179487, "y": 0.85 },
  "57": { "x": 0.02564102564102564, "y": 0.95 },
  "58": { "x": 0.07692307692307693, "y": 0.95 },
  "59": { "x": 0.1282051282051282, "y": 0.95 },
  "60": { "x": 0.1794871794871795, "y": 0.95 },
  "61": { "x": 0.23076923076923078, "y": 0.95 },
  "62": { "x": 0.28205128205128205, "y": 0.95 },
  "63": { "x": 0.3333333333333333, "y": 0.95 },
  "64": { "x": 0.38461538461538464, "y": 0.95 },
  "65": { "x": 0.4358974358974359, "y": 0.95 },
  "66": { "x": 0.48717948717948717, "y": 0.95 },
  "67": { "x": 0.5384615384615384, "y": 0.95 },
  "68": { "x": 0.5897435897435898, "y": 0.95 },
  "69": { "x": 0.6410256410256411, "y": 0.95 },
  "70": { "x": 0.6923076923076923, "y": 0.95 },
  "71": { "x": 0.7435897435897436, "y": 0.95 },
  "72": { "x": 0.7948717948717948, "y": 0.95 },
  "73": { "x": 0.8461538461538461, "y": 0.95 },
  "74": { "x": 0.8974358974358975, "y": 0.95 },
  "75": { "x": 0.9487179487179487, "y": 0.95 }
}
