{
  "0": { "x": 0.03225806451612903, "y": 0.125 },
  "1": { "x": 0.16129032258064516, "y": 0.125 },
  "2": { "x": 0.25806451612903225, "y": 0.125 },
  "3": { "x": 0.3225806451612903, "y": 0.125 },
  "4": { "x": 0.5483870967741935, "y": 0.125 },
  "5": { "x": 0.6129032258064516, "y": 0.125 },
  "6": { "x": 0.7741935483870968, "y": 0.125 },
  "7": { "x": 0.03225806451612903, "y": 0.25 },
  "8": { "x": 0.16129032258064516, "y": 0.25 },
  "9": { "x": 0.25806451612903225, "y": 0.25 },
  "10": { "x": 0.3870967741935484, "y": 0.25 },
  "11": { "x": 0.4838709677419355, "y": 0.25 },
  "12": { "x": 0.6129032258064516, "y": 0.25 },
  "13": { "x": 0.7096774193548387, "y": 0.25 },
  "14": { "x": 0.8387096774193549, "y": 0.25 },
  "15": { "x": 0.03225806451612903, "y": 0.375 },
  "16": { "x": 0.16129032258064516, "y": 0.375 },
  "17": { "x": 0.25806451612903225, "y": 0.375 },
  "18": { "x": 0.3870967741935484, "y": 0.375 },
  "19": { "x": 0.4838709677419355, "y": 0.375 },
  "20": { "x": 0.7096774193548387, "y": 0.375 },
  "21": { "x": 0.8387096774193549, "y": 0.375 },
  "22": { "x": 0.0967741935483871, "y": 0.5 },
  "23": { "x": 0.25806451612903225, "y": 0.5 },
  "24": { "x": 0.3225806451612903, "y": 0.5 },
  "25": { "x": 0.4838709677419355, "y": 0.5 },
  "26": { "x": 0.5483870967741935, "y": 0.5 },
  "27": { "x": 0.7096774193548387, "y": 0.5 },
  "28": { "x": 0.8387096774193549, "y": 0.5 },
  "29": { "x": 0.0967741935483871, "y": 0.625 },
  "30": { "x": 0.25806451612903225, "y": 0.625 },
  "31": { "x": 0.3870967741935484, "y": 0.625 },
  "32": { "x": 0.4838709677419355, "y": 0.625 },
  "33": { "x": 0.6129032258064516, "y": 0.625 },
  "34": { "x": 0.7096774193548387, "y": 0.625 },
  "35": { "x": 0.8387096774193549, "y": 0.625 },
  "36": { "x": 0.0967741935483871, "y": 0.75 },
  "37": { "x": 0.25806451612903225, "y": 0.75 },
  "38": { "x": 0.3870967741935484, "y": 0.75 },
  "39": { "x": 0.4838709677419355, "y": 0.75 },
  "40": { "x": 0.6129032258064516, "y": 0.75 },
  "41": { "x": 0.7096774193548387, "y": 0.75 },
  "42": { "x": 0.8387096774193549, "y": 0.75 },
  "43": { "x": 0.0967741935483871, "y": 0.875 },
  "44": { "x": 0.25806451612903225, "y": 0.875 },
  "45": { "x": 0.3870967741935484, "y": 0.875 },
  "46": { "x": 0.5483870967741935, "y": 0.875 },
  "47": { "x": 0.7741935483870968, "y": 0.875 }
}
