{
  "0": { "x": 0.967741935483871, "y": 0.0625 },
  "1": { "x": 0.25806451612903225, "y": 0.125 },
  "2": { "x": 0.06451612903225806, "y": 0.1875 },
  "3": { "x": 0.6774193548387096, "y": 0.1875 },
  "4": { "x": 0.9032258064516129, "y": 0.1875 },
  "5": { "x": 0.4838709677419355, "y": 0.3125 },
  "6": { "x": 0.12903225806451613, "y": 0.375 },
  "7": { "x": 0.8064516129032258, "y": 0.375 },
  "8": { "x": 0.7096774193548387, "y": 0.5 },
  "9": { "x": 0.12903225806451613, "y": 0.5625 },
  "10": { "x": 0.41935483870967744, "y": 0.6875 },
  "11": { "x": 0.6774193548387096, "y": 0.6875 },
  "12": { "x": 0.0967741935483871, "y": 0.75 },
  "13": { "x": 0.6774193548387096, "y": 0.8125 }
}
