{"0":{"x":0.07692307692307693,"y":0.15},"1":{"x":0.23076923076923078,"y":0.15},"2":{"x":0.3076923076923077,"y":0.15},"3":{"x":0.358974358974359,"y":0.15},"4":{"x":0.41025641025641024,"y":0.15},"5":{"x":0.5897435897435898,"y":0.15},"6":{"x":0.6410256410256411,"y":0.15},"7":{"x":0.8205128205128205,"y":0.15},"8":{"x":0.8717948717948718,"y":0.15},"9":{"x":0.07692307692307693,"y":0.25},"10":{"x":0.23076923076923078,"y":0.25},"11":{"x":0.3076923076923077,"y":0.25},"12":{"x":0.46153846153846156,"y":0.25},"13":{"x":0.5384615384615384,"y":0.25},"14":{"x":0.6923076923076923,"y":0.25},"15":{"x":0.7692307692307693,"y":0.25},"16":{"x":0.9230769230769231,"y":0.25},"17":{"x":0.07692307692307693,"y":0.35},"18":{"x":0.23076923076923078,"y":0.35},"19":{"x":0.3076923076923077,"y":0.35},"20":{"x":0.46153846153846156,"y":0.35},"21":{"x":0.5384615384615384,"y":0.35},"22":{"x":0.7692307692307693,"y":0.35},"23":{"x":0.9230769230769231,"y":0.35},"24":{"x":0.1282051282051282,"y":0.45},"25":{"x":0.1794871794871795,"y":0.45},"26":{"x":0.3076923076923077,"y":0.45},"27":{"x":0.358974358974359,"y":0.45},"28":{"x":0.41025641025641024,"y":0.45},"29":{"x":0.5384615384615384,"y":0.45},"30":{"x":0.7692307692307693,"y":0.45},"31":{"x":0.9230769230769231,"y":0.45},"32":{"x":0.15384615384615385,"y":0.55},"33":{"x":0.3076923076923077,"y":0.55},"34":{"x":0.358974358974359,"y":0.55},"35":{"x":0.5384615384615384,"y":0.55},"36":{"x":0.6410256410256411,"y":0.55},"37":{"x":0.6923076923076923,"y":0.55},"38":{"x":0.7692307692307693,"y":0.55},"39":{"x":0.9230769230769231,"y":0.55},"40":{"x":0.15384615384615385,"y":0.65},"41":{"x":0.3076923076923077,"y":0.65},"42":{"x":0.41025641025641024,"y":0.65},"43":{"x":0.5384615384615384,"y":0.65},"44":{"x":0.6923076923076923,"y":0.65},"45":{"x":0.7692307692307693,"y":0.65},"46":{"x":0.9230769230769231,"y":0.65},"47":{"x":0.15384615384615385,"y":0.75},"48":{"x":0.3076923076923077,"y":0.75},"49":{"x":0.46153846153846156,"y":0.75},"50":{"x":0.5384615384615384,"y":0.75},"51":{"x":0.6923076923076923,"y":0.75},"52":{"x":0.7692307692307693,"y":0.75},"53":{"x":0.9230769230769231,"y":0.75},"54":{"x":0.15384615384615385,"y":0.85},"55":{"x":0.3076923076923077,"y":0.85},"56":{"x":0.46153846153846156,"y":0.85},"57":{"x":0.5897435897435898,"y":0.85},"58":{"x":0.6410256410256411,"y":0.85},"59":{"x":0.8205128205128205,"y":0.85},"60":{"x":0.8717948717948718,"y":0.85}}