{
  "0": { "x": 0.1746031746031746, "y": 0.3333333333333333 },
  "1": { "x": 0.42857142857142855, "y": 0.358974358974359 },
  "2": { "x": 0.6349206349206349, "y": 0.358974358974359 },
  "3": { "x": 0.9047619047619048, "y": 0.5384615384615384 },
  "4": { "x": 0.20634920634920634, "y": 0.5641025641025641 },
  "5": { "x": 0.7936507936507936, "y": 0.717948717948718 },
  "6": { "x": 0.2857142857142857, "y": 0.7692307692307693 },
  "7": { "x": 0.4126984126984127, "y": 0.7692307692307693 }
}
