{
  "0": { "x": 0.07692307692307693, "y": 0.3 },
  "1": { "x": 0.1794871794871795, "y": 0.3 },
  "2": { "x": 0.2564102564102564, "y": 0.3 },
  "3": { "x": 0.3076923076923077, "y": 0.3 },
  "4": { "x": 0.358974358974359, "y": 0.3 },
  "5": { "x": 0.4358974358974359, "y": 0.3 },
  "6": { "x": 0.48717948717948717, "y": 0.3 },
  "7": { "x": 0.5384615384615384, "y": 0.3 },
  "8": { "x": 0.6153846153846154, "y": 0.3 },
  "9": { "x": 0.6666666666666666, "y": 0.3 },
  "10": { "x": 0.8461538461538461, "y": 0.3 },
  "11": { "x": 0.8974358974358975, "y": 0.3 },
  "12": { "x": 0.717948717948718, "y": 0.35 },
  "13": { "x": 0.7948717948717948, "y": 0.35 },
  "14": { "x": 0.07692307692307693, "y": 0.4 },
  "15": { "x": 0.1794871794871795, "y": 0.4 },
  "16": { "x": 0.3076923076923077, "y": 0.4 },
  "17": { "x": 0.48717948717948717, "y": 0.4 },
  "18": { "x": 0.6153846153846154, "y": 0.4 },
  "19": { "x": 0.717948717948718, "y": 0.45 },
  "20": { "x": 0.7948717948717948, "y": 0.45 },
  "21": { "x": 0.07692307692307693, "y": 0.5 },
  "22": { "x": 0.1282051282051282, "y": 0.5 },
  "23": { "x": 0.1794871794871795, "y": 0.5 },
  "24": { "x": 0.3076923076923077, "y": 0.5 },
  "25": { "x": 0.48717948717948717, "y": 0.5 },
  "26": { "x": 0.6153846153846154, "y": 0.5 },
  "27": { "x": 0.6666666666666666, "y": 0.5 },
  "28": { "x": 0.8461538461538461, "y": 0.5 },
  "29": { "x": 0.8974358974358975, "y": 0.55 },
  "30": { "x": 0.07692307692307693, "y": 0.6 },
  "31": { "x": 0.1794871794871795, "y": 0.6 },
  "32": { "x": 0.3076923076923077, "y": 0.6 },
  "33": { "x": 0.48717948717948717, "y": 0.6 },
  "34": { "x": 0.6153846153846154, "y": 0.6 },
  "35": { "x": 0.8974358974358975, "y": 0.65 },
  "36": { "x": 0.07692307692307693, "y": 0.7 },
  "37": { "x": 0.1794871794871795, "y": 0.7 },
  "38": { "x": 0.3076923076923077, "y": 0.7 },
  "39": { "x": 0.48717948717948717, "y": 0.7 },
  "40": { "x": 0.6153846153846154, "y": 0.7 },
  "41": { "x": 0.7948717948717948, "y": 0.7 },
  "42": { "x": 0.8461538461538461, "y": 0.7 }
}
