{
  "0": { "x": 0.07692307692307693, "y": 0.1 },
  "1": { "x": 0.02564102564102564, "y": 0.15 },
  "2": { "x": 0.1282051282051282, "y": 0.15 },
  "3": { "x": 0.6153846153846154, "y": 0.2 },
  "4": { "x": 0.02564102564102564, "y": 0.25 },
  "5": { "x": 0.1282051282051282, "y": 0.25 },
  "6": { "x": 0.5897435897435898, "y": 0.25 },
  "7": { "x": 0.6410256410256411, "y": 0.25 },
  "8": { "x": 0.8717948717948718, "y": 0.25 },
  "9": { "x": 0.07692307692307693, "y": 0.3 },
  "10": { "x": 0.5641025641025641, "y": 0.3 },
  "11": { "x": 0.6666666666666666, "y": 0.3 },
  "12": { "x": 0.8461538461538461, "y": 0.3 },
  "13": { "x": 0.8974358974358975, "y": 0.3 },
  "14": { "x": 0.358974358974359, "y": 0.35 },
  "15": { "x": 0.5897435897435898, "y": 0.35 },
  "16": { "x": 0.6410256410256411, "y": 0.35 },
  "17": { "x": 0.8205128205128205, "y": 0.35 },
  "18": { "x": 0.9230769230769231, "y": 0.35 },
  "19": { "x": 0.3333333333333333, "y": 0.4 },
  "20": { "x": 0.38461538461538464, "y": 0.4 },
  "21": { "x": 0.6153846153846154, "y": 0.4 },
  "22": { "x": 0.8461538461538461, "y": 0.4 },
  "23": { "x": 0.8974358974358975, "y": 0.4 },
  "24": { "x": 0.3076923076923077, "y": 0.45 },
  "25": { "x": 0.41025641025641024, "y": 0.45 },
  "26": { "x": 0.8717948717948718, "y": 0.45 },
  "27": { "x": 0.3333333333333333, "y": 0.5 },
  "28": { "x": 0.38461538461538464, "y": 0.5 },
  "29": { "x": 0.358974358974359, "y": 0.55 },
  "30": { "x": 0.20512820512820512, "y": 0.6 },
  "31": { "x": 0.1794871794871795, "y": 0.65 },
  "32": { "x": 0.23076923076923078, "y": 0.65 },
  "33": { "x": 0.6923076923076923, "y": 0.65 },
  "34": { "x": 0.15384615384615385, "y": 0.7 },
  "35": { "x": 0.2564102564102564, "y": 0.7 },
  "36": { "x": 0.6666666666666666, "y": 0.7 },
  "37": { "x": 0.717948717948718, "y": 0.7 },
  "38": { "x": 0.1794871794871795, "y": 0.75 },
  "39": { "x": 0.23076923076923078, "y": 0.75 },
  "40": { "x": 0.6410256410256411, "y": 0.75 },
  "41": { "x": 0.7435897435897436, "y": 0.75 },
  "42": { "x": 0.20512820512820512, "y": 0.8 },
  "43": { "x": 0.6666666666666666, "y": 0.8 },
  "44": { "x": 0.717948717948718, "y": 0.8 },
  "45": { "x": 0.6923076923076923, "y": 0.85 }
}
