{
  "0": { "x": 0.3076923076923077, "y": 0.2 },
  "1": { "x": 0.5641025641025641, "y": 0.2 },
  "2": { "x": 0.6666666666666666, "y": 0.2 },
  "3": { "x": 0.2564102564102564, "y": 0.3 },
  "4": { "x": 0.5384615384615384, "y": 0.3 },
  "5": { "x": 0.717948717948718, "y": 0.3 },
  "6": { "x": 0.20512820512820512, "y": 0.4 },
  "7": { "x": 0.5128205128205128, "y": 0.4 },
  "8": { "x": 0.7692307692307693, "y": 0.4 },
  "9": { "x": 0.15384615384615385, "y": 0.5 },
  "10": { "x": 0.48717948717948717, "y": 0.5 },
  "11": { "x": 0.8205128205128205, "y": 0.5 },
  "12": { "x": 0.20512820512820512, "y": 0.6 },
  "13": { "x": 0.46153846153846156, "y": 0.6 },
  "14": { "x": 0.7692307692307693, "y": 0.6 },
  "15": { "x": 0.2564102564102564, "y": 0.7 },
  "16": { "x": 0.4358974358974359, "y": 0.7 },
  "17": { "x": 0.717948717948718, "y": 0.7 },
  "18": { "x": 0.3076923076923077, "y": 0.8 },
  "19": { "x": 0.41025641025641024, "y": 0.8 },
  "20": { "x": 0.6666666666666666, "y": 0.8 }
}
